﻿<?xml version="1.0" encoding="utf-8" standalone="no" ?>
<vehicle type="trailer_mouseControlled">
    <annotation>Copyright (C) GIANTS Software GmbH, All Rights Reserved.</annotation>
    <name>
        <en>Brantner E 8041 - mousecontrolled</en>
        <de>Brantner E 8041 - mousecontrolled</de>
    </name>
    <typeDesc>$l10n_TypeDesc_Tipper</typeDesc>
    <filename>brantnerE8041_1.i3d</filename>

    <size width="4" length="9" lengthOffset="0.5" />

    <wheels autoRotateBackSpeed="2.0">
        <wheel  restLoad="0.8" repr="0>0"                   radius="0.472" initialCompression="40" suspTravel="0.15" spring="20" damper="50" mass="0.075" hasTyreTracks="true" tyreTrackAtlasIndex="3" />
        <wheel  restLoad="0.8" repr="0>1" driveNode="0>1|0" radius="0.472" initialCompression="40" suspTravel="0.15" spring="20" damper="50" mass="0.075" hasTyreTracks="true" tyreTrackAtlasIndex="3" />
    </wheels>

    <dynamicallyLoadedParts>
        <dynamicallyLoadedPart node="0|0" linkNode="0>0"   filename="$data/vehicles/wheels/trelleborg/trelleborgAW309_500_50_17.i3d" />
        <dynamicallyLoadedPart node="0|1" linkNode="0>1|0" filename="$data/vehicles/wheels/trelleborg/trelleborgAW309_500_50_17.i3d" />
        <dynamicallyLoadedPart node="0" linkNode="0>1|1|0" filename="$data/vehicles/shared/wheelChock01.i3d" />
        <dynamicallyLoadedPart node="0" linkNode="0>1|1|1" filename="$data/vehicles/shared/wheelChock01.i3d" />
        <dynamicallyLoadedPart node="0" linkNode="0>5|3|0" filename="$data/vehicles/shared/wheelChock01.i3d" />
        <dynamicallyLoadedPart node="0" linkNode="0>5|3|1" filename="$data/vehicles/shared/wheelChock01.i3d" />
    </dynamicallyLoadedParts>

    <brakeForce>0.5</brakeForce>

    <capacity>8500</capacity>

    <lightCoronas>
        <lightCorona index="0>5|4" />
    </lightCoronas>

    <brakeLights>
        <brakeLight index="0>5|6" />
    </brakeLights>

    <turnSignals>
        <turnSignalLeft index="0>5|5|0" />
        <turnSignalRight index="0>5|5|1" />
    </turnSignals>

    <cylinderedHydraulicSound file="$data/vehicles/shared/hydraulicUp.wav" pitchOffset="0.8" volume="0.4" />
    <fillSound file="$data/maps/sounds/siloFillSound.wav" pitchOffset="1.0" volume="1.5" />

    <inputAttacherJoints>
        <inputAttacherJoint index="0>2" jointType="trailer" attacherHeight="0.935" />
    </inputAttacherJoints>

    <attacherJoints>
        <attacherJoint index="0>3" jointType="trailer" maxRotLimit="10 80 80" minRotRotationOffset="0" allowsJointLimitMovement="false" />
    </attacherJoints>
  
    <mouseControls>
        <mouseControl iconFilename="$dataS2/menu/mouseControlsHelp/frontloader_arm.png" axis="AXIS_FRONTLOADER_ARM" />
        <mouseControl iconFilename="$dataS2/menu/mouseControlsHelp/frontloader_tool.png" axis="AXIS_FRONTLOADER_TOOL" /> 
	</mouseControls>
	
    <movingTools>
        <movingTool index="0>5|0" rotSpeed="50" rotAcceleration="160" rotMax="45" rotMin="0" axis="AXIS_FRONTLOADER_ARM" invertAxis="true" mouseAxis="AXIS_FRONTLOADER_ARM" invertMouseAxis="false" speedFactor="0.3" rotationAxis="3" translationAxis="2" >
            <dependentPart index="0>5|1" />
            <dependentPart index="0>5|1|0" />
        </movingTool>
 
        <movingTool index="0>5|0|0|0" rotSpeed="50" rotAcceleration="160" rotMax="90" rotMin="0" axis="AXIS_FRONTLOADER_TOOL" invertAxis="true" mouseAxis="AXIS_FRONTLOADER_ARM" invertMouseAxis="false" speedFactor="0.3" rotationAxis="3" translationAxis="2" >
            <dependentPart index="0>5|1|0" />
        </movingTool>
     </movingTools>

    <movingParts>
        <movingPart index="0>5|1" referencePoint="0>5|0|0|5" referenceFrame="0>5|0|0|5" />
        <movingPart index="0>5|1|0" referencePoint="0>5|0|0|5" referenceFrame="0>5|0|0|5" >
            <translatingPart index="0>5|1|0|0" />
            <translatingPart index="0>5|1|0|0|0" />
            <translatingPart index="0>5|1|0|0|0|0" />
            <translatingPart index="0>5|1|0|0|0|0|0" />
        </movingPart>

        <!--movingPart index="0>5|0|0|0|3" referencePoint="0>5|0|0|0|1|0" referenceFrame="0>5|0|0|0|1|0" scaleZ="true" />
        <movingPart index="0>5|0|0|0|4" referencePoint="0>5|0|0|0|2|0" referenceFrame="0>5|0|0|0|2|0" scaleZ="true" /-->
    </movingParts>

    <animations>
        <!-- move support wheel down/up -->
        <animation name="moveSupport">
            <part node="0>1|1" startTime="0"    endTime="0.05" visibility="false" />
            <part node="0>5|3" startTime="0"    endTime="0.05" visibility="true" />
            <part node="0>1|1" startTime="0.05" endTime="0.1" visibility="true" />
            <part node="0>5|3" startTime="0.05" endTime="0.1" visibility="false" />
            <part node="0>4"   startTime="0"    endTime="0.2" startTrans="0.008 0.241 2.33" endTrans="0.008 0 2.33" />
        </animation>
    </animations>

    <support animationName="moveSupport" />

    <washable dirtDuration="90" washDuration="1" workMultiplier="4" />

    <driveGroundParticleSystems>
        <driveGroundParticleSystem file="$data/vehicles/particleAnimations/shared/drivingParticleSystem.i3d" wheel="1" />
        <driveGroundParticleSystem file="$data/vehicles/particleAnimations/shared/drivingParticleSystem.i3d" wheel="2" />
    </driveGroundParticleSystems>

    <colorNodes>
        <colorNode index="0>5" />
        <colorNode index="0>5|0|0" />
        <colorNode index="0>5|0|0|0|0" />
    </colorNodes>

    <components count="1">
        <component1 centerOfMass="0 0.56 -0.2" solverIterationCount="10" />
    </components>

    <schemaOverlay file="$dataS2/menu/schemas/implementSchema.png" fileSelected="$dataS2/menu/schemas/implementSchemaSelected.png" width="0.5" height="0.5" attacherJointPosition="0 0">
        <attacherJoint position="0.5 0" rotation="0" invertX="false" />
    </schemaOverlay>

</vehicle>
