<?xml version="1.0" encoding="utf-8" standalone="no" ?>
<modDesc descVersion="21">
    <author>John Barleycorn</author>
    <version>1.2</version>
    <title>
        <en>Brantner E 8041 wood</en>
        <de>Brantner E 8041 Holztransport</de>
    </title>
    <description>
        <en>Brantner E 8041 wood</en>
        <de>Brantner E 8041 Holztransport</de>
    </description>
    <iconFilename>textures/store_brantnerE8041.dds</iconFilename>
    <multiplayer supported="true"/>
    <storeItems>
        <storeItem>
            <name>
                <de>Brantner E 8041 MK</de>
                <en>Brantner E 8041 MK</en>
            </name>
            <rotation>0</rotation>
            <image active="textures/store_brantnerE8041.dds" brand="textures/brand_brantner.dds"/>
            <price>3600</price>
            <dailyUpkeep>10</dailyUpkeep>
            <xmlFilename>brantnerE8041_1.xml</xmlFilename>
            <brand>Brantner</brand>
            <category>wood</category>
			<isDyeable color="0.95 0.95 0.95 1.0">true</isDyeable>
        </storeItem>
    </storeItems>
</modDesc>
