<?xml version="1.0" encoding="utf-8" standalone="no" ?>
<vehicle type="TSL_HKL_UniMog">
    <annotation>Copyright (C) TSL, All Rights Reserved.</annotation>	
    <filename>TSL_HKL_UniMog.i3d</filename>
    <name>
        <en>TSL_HKL_UniMog</en>
        <de>TSL_HKL_UniMog</de>
    </name>
    <typeDesc>
        <en>HKL</en>
        <de>HKL</de>
    </typeDesc>	
	
	<wheels autoRotateBackSpeed="2.5">
	    <wheel rotSpeed="1" restLoad="8.8" repr="0>27" driveNode="0>27" radius="0.545" width="0.42" initialCompression="50" suspTravel="0.21" spring="100" damper="10" mass="0.7" hasTyreTracks="true" tyreTrackAtlasIndex="4" tireType="street"/>
        <wheel rotSpeed="1" restLoad="8.8" repr="0>28" driveNode="0>28" radius="0.545" width="0.42" initialCompression="50" suspTravel="0.21" spring="100" damper="10" mass="0.7" hasTyreTracks="true" tyreTrackAtlasIndex="4" tireType="street"/>
        <wheel rotSpeed="0" restLoad="16.0" repr="0>8" radius="0.545" width="0.82" initialCompression="50" suspTravel="0.21" spring="100" damper="10" mass="0.7" hasTyreTracks="true" tyreTrackAtlasIndex="4" tireType="street"/>
        <wheel rotSpeed="0" restLoad="16.0" repr="0>9" radius="0.545" width="0.82" initialCompression="50" suspTravel="0.21" spring="100" damper="10" mass="0.7" hasTyreTracks="true" tyreTrackAtlasIndex="4" tireType="street"/>
        <wheel rotSpeed="0" restLoad="16.0" repr="0>29" radius="0.545" width="0.82" initialCompression="50" suspTravel="0.21" spring="100" damper="10" mass="0.7" hasTyreTracks="true" tyreTrackAtlasIndex="4" tireType="street"/>
        <wheel rotSpeed="0" restLoad="16.0" repr="0>30" radius="0.545" width="0.82" initialCompression="50" suspTravel="0.21" spring="100" damper="10" mass="0.7" hasTyreTracks="true" tyreTrackAtlasIndex="4" tireType="street"/>
    </wheels>	
	
    <ackermannSteering rotSpeed="60" rotMax="35" rotCenterWheel1="2" rotCenterWheel2="3" />

    <differentials>
        <differential torqueRatio="0.5" maxSpeedRatio="1.3" wheelIndex1="0" wheelIndex2="1" /> <!-- front left-right -->
        <differential torqueRatio="0.5" maxSpeedRatio="1.4" wheelIndex1="2" wheelIndex2="3" /> <!-- back left-right -->
        <differential torqueRatio="0.5" maxSpeedRatio="1.2" differentialIndex1="0" differentialIndex2="1" /> <!-- front-back -->
    </differentials>

    <motor torqueScale="2.349" minRpm="1000" maxRpm="2700" maxBackwardSpeed="15" brakeForce="6" lowBrakeForceScale="0.5" lowBrakeForceSpeedLimit="1" minForwardGearRatio="13.5" maxForwardGearRatio="130" minBackwardGearRatio="50" maxBackwardGearRatio="130">
        <torque normRpm="0.45" torque="0.5"/>
        <torque normRpm="0.5" torque="0.6"/>
        <torque normRpm="0.59" torque="0.7"/>
        <torque normRpm="0.72" torque="1"/>
        <torque normRpm="0.86" torque="0.8"/>
        <torque normRpm="1" torque="0.7"/>
    </motor>

    <fuelCapacity>660</fuelCapacity>
    <fuelUsage>48</fuelUsage>
	
	<cameras count="2">
        <camera1 index="0>19|0" rotatable="true" rotateNode="0>19" limit="true" useWorldXZRotation="true" rotMinX="-1.4" rotMaxX="0" transMin="4" transMax="35" >
		</camera1>
        <camera2 index="0>20" rotatable="true" limit="true" rotMinX="-1.1" rotMaxX="0.4" transMin="0" transMax="0" />
	</cameras>
	
	<steering index="0>18|0|0" indoorRotation="360" outdoorRotation="37" />

    <characterNode index="0>25|0" cameraMinDistance="1.5" filename="$dataS2/character/player/player.i3d" characterMesh="1" characterGloves="2" characterSkin="0" spineNode="0|0" leftArmIKChainId="leftArm" rightArmIKChainId="rightArm" spineRotation="180 0 100" >
        <ikChains>
            <ikChain id="rightFoot" target="0>25|1" targetOffset="0 0.1 0" alignToTarget="true" isDirtyOnLoad="true" >
                <node index="0|1" />
                <node index="0|1|0"     minRx="0" maxRx="0" minRy="-30" maxRy="30" minRz="0"   maxRz="90" />
                <node index="0|1|0|0"   minRx="0" maxRx="0" minRy="0"   maxRy="0"  minRz="-100" maxRz="-7" />
                <node index="0|1|0|0|0" />
            </ikChain>
            <ikChain id="leftFoot" target="0>25|2" targetOffset="0 0.1 0" alignToTarget="true" isDirtyOnLoad="true">
                <node index="0|2"     />
                <node index="0|2|0"     minRx="0" maxRx="0" minRy="-30" maxRy="30" minRz="0"   maxRz="90" />
                <node index="0|2|0|0"   minRx="0" maxRx="0" minRy="0"   maxRy="0"  minRz="-100" maxRz="-7" />
                <node index="0|2|0|0|0" />
            </ikChain>
            <ikChain id="rightArm" target="0>18|0|0|0" targetOffset="0.025 0.066 0" alignToTarget="true" isDirtyOnLoad="true">
                <node index="0|0|0|1" />
                <node index="0|0|0|1|0" minRx="-20" maxRx="20" minRy="-20" maxRy="20" minRz="-80" maxRz="80" />
                <node index="0|0|0|1|0|0" minRx="-10" maxRx="10" minRy="0" maxRy="0" minRz="7"   maxRz="130" />
                <node index="0|0|0|1|0|0|0" />
                <rotationNode index="0|0|0|1|0|0|0|0" rotation="0 0 -60" />
                <rotationNode index="0|0|0|1|0|0|0|0|0" rotation="0 0 -60" />
                <rotationNode index="0|0|0|1|0|0|0|1" rotation="-90 20 -40" />
                <rotationNode index="0|0|0|1|0|0|0|1|0" rotation="0 0 -40" />
            </ikChain>
            <ikChain id="leftArm" target="0>18|0|0|1" targetOffset="-0.025 0.066 0" alignToTarget="true" isDirtyOnLoad="true">
                <node index="0|0|0|2" />
                <node index="0|0|0|2|0" minRx="-20" maxRx="20" minRy="-20" maxRy="20" minRz="-80" maxRz="80" />
                <node index="0|0|0|2|0|0" minRx="-10" maxRx="10" minRy="0" maxRy="0" minRz="7"   maxRz="130" />
                <node index="0|0|0|2|0|0|0" />
                <rotationNode index="0|0|0|2|0|0|0|0" rotation="0 0 -60" />
                <rotationNode index="0|0|0|2|0|0|0|0|0" rotation="0 0 -60" />
                <rotationNode index="0|0|0|2|0|0|0|1" rotation="-90 20 -40" />
                <rotationNode index="0|0|0|2|0|0|0|1|0" rotation="0 0 -40" />
            </ikChain>
        </ikChains>
    </characterNode>
	
    <enterReferenceNode index="0>" />
    <exitPoint index="0>24" />

    <motorStartDuration>1500</motorStartDuration>
    <motorStartSound file="Sounds/lizardCougar_start.wav" pitchOffset="1" volume="1" />
    <motorSound file="Sounds/lizardCougar_idle.wav" pitchOffset="1" pitchScale="0.03" pitchMax="1.65" volume="1" />
    <motorSoundRun file="Sounds/fendt936idle.wav" pitchOffset="1" pitchScale="0.03" pitchMax="1.65" volume="1" />
    <motorStopSound file="Sounds/lizardCougar_stop.wav" pitchOffset="1" />
    <aiMotorSound  file="Sounds/lizardCougar_idleAI.wav" pitchOffset="1" radius="25" innerRadius="4" volume="1.0" />
    <compressedAirSound file="$data/vehicles/shared/brakeBig.wav" pitchOffset="1"/>
    <honkSound file="$data/vehicles/shared/hornBig.wav" volume="1" radius="70" innerRadius="10" />
	<attachSound file="$data/vehicles/shared/attach.wav" pitchOffset="1" />
	
    <exhaustEffects>
        <exhaustEffect index="0>15" filename="$data/vehicles/particleAnimations/shared/exhaust.i3d" minRpmColor="0.9 0.9 0.9 0.05" maxRpmColor="0.9 0.9 0.9 0.2" minRpmScale="0.2" maxRpmScale="0.5" forwardXRotations="-100 0 -50" forwardZRotations="330 0 -50" steerXRotations="0 0 0" steerZRotations="-100 0 200" />
    </exhaustEffects>

    <aiTrafficCollisionTrigger index="0>26" />
	
	<lights count="2">
        <light1 index="0>4" />
		<light2 index="0>35" />
    </lights>
	
	<brakeLights>
        <brakeLight index="0>12|2" />
    </brakeLights>

    <turnSignals>
        <turnSignalLeft index="0>12|0" />
        <turnSignalRight index="0>12|1" />
    </turnSignals>

    <lightsaddon lightsStayOn="true">
		<light type="work" index="0>12|3" inputName="frontwork" helptext="frontwork" stayOn="true"/>
		<light type="work" index="0>12|4" inputName="rearwork" helptext="rearwork" stayOn="true"/>
	</lightsaddon>
	
	<beaconLights stayOn="true">
		<beaconLight index="0>5|0|0" rotIndex="0>5|0" speed="0.014" />
		<beaconLight index="0>16|1" speed="0.015" filename="$data/vehicles/shared/beaconLight06.i3d" />
        <beaconLight index="0>16|2" speed="0.016" filename="$data/vehicles/shared/beaconLight06.i3d" />
		<beaconLight index="0>16|3" speed="0.015" filename="$data/vehicles/shared/beaconLight06.i3d" />
        <beaconLight index="0>16|4" speed="0.016" filename="$data/vehicles/shared/beaconLight06.i3d" />
		<beaconLight index="0>16|5" speed="0.015" filename="$data/vehicles/shared/beaconLight06.i3d" />
        <beaconLight index="0>16|6" speed="0.016" filename="$data/vehicles/shared/beaconLight06.i3d" />
	</beaconLights>
	
	<attacherJoints>
        <attacherJoint index="0>1|1|0|0|0|0|0|0|0|0" jointType="HookJoint"/>
		<attacherJoint index="0>34|2|0|0" rotationNode="0>34|2" maxRot="10 0 0" rotationNode2="0>34|2|0" maxRot2="-7 0 0" maxTransLimit="0 0.7 0" maxRotLimit="0 0 20" moveTime="1.5" shaft="0>3|7">
            <bottomArm rotationNode="0>34|3" translationNode="0>34|3|0" referenceNode="0>34|3|0|0|2" zScale="1" />
            <topArm rotationNode="0>34|4" translationNode="0>34|4|0" referenceNode="0>34|4|0|0" zScale="1"/>
        </attacherJoint>
		<attacherJoint index="0>7" jointType="trailerLow" maxRotLimit="10 50 50" minRotRotationOffset="0" allowsJointLimitMovement="false"/>
		<attacherJoint index="0>36" jointType="trailer" maxRotLimit="10 50 50" minRotRotationOffset="0" allowsJointLimitMovement="false"/>
	</attacherJoints>
	
	<animationParts>
			<animationPart rootNode="0>1|1|0|0|0" 		clipName="foldingClipSet" 		clipSpeed="0.3" 	loadSave="true" offSet="20">
			</animationPart>			
	</animationParts>

    <i3dAnims>
    	<anim rootnode="0>1|1|0"   clipname="siloClipSet" 			inputBinding="Sonderfunktion"  	helpText="Sonderfunktion" speed="1"/>
    </i3dAnims>
	
	<hydraulics count="1">
		<hydraulic1 index="0>1|1|1" punch="0>1|1|1|1|0" punchFixpoint="0>1|1|1|1|0|2" fixpoint="0>1|1|0|0|0|1" />
	</hydraulics>

	<tipAnimation rootNode="0>1|1|0|0" speedScale="1" clip="tipAnimationClipSet" />
	
	<cylinderedHydraulicSound file="$data/vehicles/shared/hydraulicUp.wav" pitchOffset="0.65" volume="0.85" />
	
	<schemaOverlay file="$dataS2/menu/schemas/vehicleSchema.png" fileSelected="$dataS2/menu/schemas/vehicleSchemaSelected.png" width="0.5" height="0.5" attacherJointPosition="0.5 0">
        <attacherJoint position="0.5 0.5" rotation="0" invertX="false" />
		<attacherJoint position="0 0" rotation="0" invertX="true" />
		<attacherJoint position="1 0" rotation="0" invertX="false" />
		<attacherJoint position="1 0" rotation="0" invertX="false" />
	</schemaOverlay>
	
	<components count="3">
        <component1 centerOfMass="0 0.5 0" solverIterationCount="4" />
		<component2 centerOfMass="0 -0.3 0" solverIterationCount="4" />
		<component3 centerOfMass="0 -0.3 0" solverIterationCount="4" />
		<joint component1="0" component2="1" index="0>13" rotLimit="7 0 0" transLimit="0 0 0" />
		<joint component1="0" component2="2" index="0>14" rotLimit="7 0 0" transLimit="0 0 0"/>
	</components>
	
	<driveGroundParticleSystems>
        <driveGroundParticleSystem file="$data/vehicles/particleAnimations/shared/drivingParticleSystem.i3d" wheel="1" />
        <driveGroundParticleSystem file="$data/vehicles/particleAnimations/shared/drivingParticleSystem.i3d" wheel="2" />
        <driveGroundParticleSystem file="$data/vehicles/particleAnimations/shared/drivingParticleSystem.i3d" wheel="3" />
        <driveGroundParticleSystem file="$data/vehicles/particleAnimations/shared/drivingParticleSystem.i3d" wheel="4" />
    </driveGroundParticleSystems>
	
	<wheelsets>
	<set>
		<wheel node="0>8|1"/>
		<wheel node="0>9|1"/>
		<wheel node="0>27|1"/>
		<wheel node="0>28|1"/>
		<wheel node="0>29|1"/>
		<wheel node="0>30|1"/>
	</set>
	<set>
		<wheel node="0>8|0"/>
		<wheel node="0>9|0"/>
		<wheel node="0>27|0"/>
		<wheel node="0>28|0"/>
		<wheel node="0>29|0"/>
		<wheel node="0>30|0"/>
	</set>	
    <set>
		<wheel node="0>8|2"/>
		<wheel node="0>9|2"/>
		<wheel node="0>27|2"/>
		<wheel node="0>28|2"/>
		<wheel node="0>29|2"/>
		<wheel node="0>30|2"/>
	</set>	
	</wheelsets>
   
</vehicle>