﻿<?xml version="1.0" encoding="utf-8" standalone="no" ?>
<modDesc descVersion="21">
    <author>TSL</author>
	<title>
		<en>TSL_HKL_UniMog</en>
		<de>TSL_HKL_UniMog</de>
	</title>
	<description>
		<en>
<![CDATA[TSL_HKL_UniMog
HKL-Attacher: HookJoint
NOT for Agroliner HKL]]>
		</en>
		<de>
<![CDATA[TSL_HKL_UniMog
HKL-Attacher: HookJoint
NOT for Agroliner HKL]]>
		</de>
	</description>
	<multiplayer supported="true" />
	<iconFilename>
		<en>SC/store.dds</en>
		<de>SC/store.dds</de>
	</iconFilename>
	
    <version>2.0</version>
	
	<l10n>
	    <text name="rearwork"><de>ArbeitslichtH</de><en>Worklight back</en></text>
		<text name="frontwork"><de>ArbeitslichtV</de><en>Worklight front</en></text>
		<text name="HookLift_3">		<de>Hakenarm ein/ausfahren</de>			<en>Arm in/out fold</en>					</text>
		<text name="Sonderfunktion">	<de>SiloArm rauf/runter</de>			<en>SiloArm up/down</en>					</text>
		<text name="HookLift_UP1">		<de>Hakenarm ausfahren</de>				<en>Arm out fold</en>						</text>
		<text name="HookLift_DOWN1">	<de>Hakenarm einfahren</de>				<en>Arm in fold</en>						</text>
		<text name="switchWheelSets1a">  <en>Change Wheels</en>                  <de>Reifen wechseln</de>                    </text>
	</l10n>
	
	<extraSourceFiles>
		<sourceFile filename="SC/WorkStateEvent.lua" />
		<sourceFile filename="SC/SetAnimationEvent.lua" />
	</extraSourceFiles>
	
	<specializations>
		<specialization name="selectable"                   className="selectable"                  filename="SC/selectable.lua" />
		<specialization name="beleuchtung31"                className="BEL3"                        filename="SC/beleuchtungV31.lua"/>
		<specialization name="animation" 					className="AnimationNetwort" 			filename="SC/AnimationNetwork.lua" />		
		<specialization name="i3danim" 						className="controlI3DAnim" 				filename="SC/controlI3DAnim.lua" />
		<specialization name="HookLift" 					className="HookLift" 					filename="SC/HookLift.lua" />
		<specialization name="wheelsets" 				    className="wheelSet" 				    filename="SC/wheelsets1.lua"/>
	</specializations>
	
    <vehicleTypes>
	    <type name="TSL_HKL_UniMog" className="Vehicle" filename="$dataS/scripts/vehicles/Vehicle.lua">
		<specialization name="animatedVehicle" />
        <specialization name="motorized" />
        <specialization name="steerable" />
        <specialization name="drivable" />
		<specialization name="cylindered" />
        <specialization name="foldable" />
        <specialization name="hirable" />
        <specialization name="aiTractor" />
		<specialization name="bunkerSiloCompacter" />
        <specialization name="honk" />
	    <specialization name="selectable" />
		<specialization name="beleuchtung31" />
		<specialization name="animation" />
		<specialization name="i3danim" />
		<specialization name="HookLift" />
		<specialization name="wheelsets" />
		</type>
	</vehicleTypes>
	
    <storeItems>
        <storeItem>
            <en>
                <name>TSL_HKL_UniMog</name>
                <description>
<![CDATA[TSL_HKL_UniMog
HKL-Attacher: HookJoint
NOT for Agroliner HKL]]>
                </description>
            </en>
            <de>
                <name>TSL_HKL_UniMog</name>
                <description>
<![CDATA[TSL_HKL_UniMog
HKL-Attacher: HookJoint
NOT for Agroliner HKL]]>
                </description>
            </de>
            <rotation>0</rotation>
            <image active="SC/store.dds" brand="SC/brand_tsl.dds"/>
			<dailyUpkeep>50</dailyUpkeep>
			<brand>TSL</brand>
			<category>misc</category>
            <price>46000</price>
            <xmlFilename>TSL_HKL_UniMog.xml</xmlFilename>
        </storeItem>
	</storeItems>
	
	<inputBindings>
	   <input name="rearwork" key1="KEY_KP_6" button="" />
	   <input name="frontwork" key1="KEY_KP_5" button="" />
	   <input name="HookLift_UP1" 										key1="KEY_n" 					button="" />
	   <input name="HookLift_DOWN1" 									key1="KEY_m" 					button="" />		
	   <input name="Sonderfunktion" 									key1="KEY_KP_4"	button="" />
	   <input name="switchWheelSets1a" 	key1="KEY_KP_9" button="" />
	</inputBindings>
</modDesc>
