﻿<?xml version="1.0" encoding="utf-8" standalone="no" ?>
<vehicle type="CASE_Trailer_Attacher">
	
	<annotation> Copyright by.: Butters Tuning Schmiede / BTS </annotation>
    
	<name>
       <en>CASE_Trailer_Attacher</en>
       <de>CASE_Trailer_Attacher</de>
    </name>
    
	<description>CASE_Trailer_Attacher</description>
	
	<typeDesc>CASE_Trailer_Attacher</typeDesc>
    <filename>CASE_Trailer_Attacher.i3d</filename> 
    
	<size width="1.5" length="1.5" />
   
	<attacherJoints>
        <attacherJoint index="0>0|0" jointType="trailer"    allowsJointLimitMovement="false" allowsLowering="false"  maxRotLimit="10 80 80"  maxTransLimit="0 0 0" />
        <attacherJoint index="0>0|1" jointType="trailerLow" allowsJointLimitMovement="false" allowsLowering="false"  maxRotLimit="10 80 80"  maxTransLimit="0 0 0" />
    </attacherJoints>

    <attacherJoint index="0>1" jointType="implement" />
    <needsLowering value="false" />
   
    <components count="1">
       <component1 centerOfMass="0 0 -0.05" solverIterationCount="4" />
    </components>
	
	     
    <animations>
        <animation name="moveSupport">
            <part node="0>3" startTime="0" duration="0.1" startScale="0 0 0" endScale="1 1 1" />
        </animation>
    </animations>

    <support animationName="moveSupport" />
	
	
	 	
	<schemaOverlay file="$dataS2/menu/schemas/implementSchema.png" fileSelected="$dataS2/menu/schemas/implementSchemaSelected.png" fileTurnedOn="$dataS2/menu/schemas/implementSchemaTurnedOn.png" fileSelectedTurnedOn="$dataS2/menu/schemas/implementSchemaSelectedTurnedOn.png" width="0.5" height="0.5" attacherJointPosition="0 0">
        <attacherJoint position="0.5 0" rotation="0" invertX="false" />
		<attacherJoint position="0.5 0" rotation="0" invertX="false" />
    </schemaOverlay>
	
</vehicle>
