﻿<?xml version="1.0" encoding="utf-8" standalone="no" ?>
<modDesc descVersion="21">
   <author>Julian11</author>
    <version>1.0</version>
    <title>
        <en>Peterbilt 378</en>
        <de>Peterbilt 378</de>
    </title>
    <description>
        <en>Peterbilt 378</en>
        <de>Peterbilt 378</de>
    </description>
    <iconFilename>store.png</iconFilename>
    <multiplayer supported="true"/>
    <storeItems>
        <storeItem>
            <name>Peterbilt 378</name>
            <specs>
             <power>485</power>    
            </specs>
            <functions>
                <function>$l10n_function_tractor</function>
            </functions>
            <image active="store.png" brand="brand_pt.png"/>
            <price>265000</price>
            <dailyUpkeep>80</dailyUpkeep>
            <xmlFilename>Peterbilt378.xml</xmlFilename>
            <rotation>0</rotation>
            <brand>Peterbilt</brand>
            <category>trucks</category>
			<isDyeable color="0.95 0.95 0.95 1.0">true</isDyeable>
        </storeItem>
    </storeItems>
</modDesc>
