<?xml version="1.0" encoding="utf-8" standalone="no" ?>
<modDesc descVersion="20">
    <author>Marhu</author>
    <version>3.2.5</version>
    <title>
        <en>FrontloaderConveyor</en>
        <de>FrontladerFörderband</de>
    </title>
    <description>
        <en>Conveyor for Frontloader</en>
        <de>Förderband für Frontlader</de>
    </description>
    <iconFilename>store.png</iconFilename>
    <multiplayer supported="true"/> 	
	
	<specializations>
		<specialization name="Conveyorunload" className="Conveyorunload" filename="Conveyorunload.lua" />
	</specializations>
	 
    <vehicleTypes>
        <type name="FConveyor" className="Vehicle" filename="$dataS/scripts/vehicles/Vehicle.lua">
			<specialization name="attachable" />
			<specialization name="fillable" />
			<!--specialization name="trailer" /-->
			<specialization name="shovel" />
			<specialization name="Conveyorunload" />
	    </type>
    </vehicleTypes>

    <storeItems>
		<storeItem>
			<en>
				<name>Frontloader Conveyor</name>
				<description>
<![CDATA[Conveyor for Frontloader

Transport: manure, silage, potato, sugarBeet, grass, straw, forage, barley, wheat, rape, maize, chaff]]>
				</description>
				<specs>
<![CDATA[
dailyUpkeep: %s / Tag
Own volume: 1000 l/kg
to load from fruits on trailer]]>
				</specs>
			</en>
			<de>
				<name>Frontlader Förderband</name>
				<description>
<![CDATA[Förderband für Frontlader

Fördert: Mist, Silage, Kartoffeln, Zuckerrüben, Gras, Stroh, Futter, Gerste, Weizen, Raps, Mais, Häckselgut
aus Silos auf Anhänger]]>
				</description>
				<specs>
<![CDATA[
Unterhaltskosten: %s / Tag
Eigenes Ladevolumen: 1000 l/kg
zum beladen von Anhängern]]>
				</specs>
			</de>
			<specs>
				<fillTypes>manure silage potato sugarBeet grass straw forage barley wheat rape maize chaff</fillTypes>
			</specs>
			<functions>
				<function><![CDATA[Eigenes Ladevolumen: 1000 l/kg zum beladen von Anhängern]]></function>
			</functions>
			<rotation>0</rotation>
			<image active="store.dds" brand="brand_marhu.dds"/>
			<price>6075</price>
			<xmlFilename>FConveyor.xml</xmlFilename>
			<dailyUpkeep>10</dailyUpkeep>
			<brand>Marhu</brand>
			<category>frontLoaders</category>
		</storeItem>
    </storeItems>
</modDesc>
