<?xml version="1.0" encoding="utf-8" standalone="no" ?>
<modDesc descVersion="21">
    <author>Giants, Edit: by lsfarming-mods.de, Andy1978, Modifications: by ArpyClarkson, Sources: Brewski_icecold</author>
    <version>1.2</version>
    <title>
        <en>Dodge Ram Service Truck</en>
        <de>Dodge Ram Service Truck</de>
    </title>
    <description>
        <en>Dodge Ram with fertilizer and seed supplies</en>
        <de>Dodge Ram mit Dünger und Saatgut Versorgungen</de>
    </description>
    <iconFilename>store_pickup.png</iconFilename>
    <multiplayer supported="true"/>
	
	
	

	<!-- <functions>
        <function>$l10n_function_carDynamicMountAttacher</function>
    </functions> -->
	
	
	
	
	<vehicleTypes>
		<type name="FordPickup" className="Vehicle" filename="$dataS/scripts/vehicles/Vehicle.lua">
			<specialization name="animatedVehicle" />
			<specialization name="mouseControlsVehicle" />
			<specialization name="cylindered" />
			<specialization name="motorized" />
			<specialization name="steerable" />
			<specialization name="drivable" />
			<specialization name="honk" />
			<specialization name="washable" />
			<specialization name="indoorHud" />
			<specialization name="mountable" />
			<specialization name="dynamicMountAttacher" />
			
		</type>
	</vehicleTypes>
	
	
	
    <storeItems>
        <storeItem>
            <name>
                <de>Dodge Ram Service Truck</de>
                <en>Dodge Ram Service Truck</en>
            </name>
            <rotation>0</rotation>
            <image active="store_pickup.png" brand="brand_pickup.png"/>
            <price>65000</price>
            <dailyUpkeep>95</dailyUpkeep>
            <xmlFilename>Ford_Pickup.xml</xmlFilename>
            <brand>Dodge</brand>
            <category>cars</category>
            <specs>
                <power>220</power>
            </specs>
			<isDyeable color="0.95 0.95 0.95 1.0">true</isDyeable> 
        </storeItem>
    </storeItems>
	
		
</modDesc>
