<?xml version="1.0" encoding="utf-8" standalone="no" ?>
<modDesc descVersion="20">
    <author>Marhu</author>
    <version>3.2.5</version>
    <title>
        <en>TelehandlerConveyor</en>
        <de>TeleskopladerFörderband</de>
    </title>
    <description>
        <en>Conveyor for Telehandler</en>
        <de>Förderband für Teleskoplader</de>
    </description>
    <iconFilename>store.png</iconFilename>
    <multiplayer supported="true"/> 	
	
	<specializations>
		<specialization name="Conveyorunload" className="Conveyorunload" filename="Conveyorunload.lua" />
	</specializations>
	 
    <vehicleTypes>
        <type name="Conveyor" className="Vehicle" filename="$dataS/scripts/vehicles/Vehicle.lua">
			<specialization name="attachable" />
			<specialization name="fillable" />
			<!--specialization name="trailer" /-->
			<specialization name="shovel" />
			<specialization name="Conveyorunload" />
	    </type>
    </vehicleTypes>

    <storeItems>
		<storeItem>
			<en>
				<name>Telehandler Conveyor</name>
				<description>
<![CDATA[Conveyor for Telehandler

Transport: manure, silage, potato, sugarBeet, grass, straw, forage, barley, wheat, rape, maize, chaff]]>
				</description>
				
			</en>
			<de>
				<name>Teleskoplader Förderband</name>
				<description>
<![CDATA[Förderband für Teleskoplader

Fördert: Mist, Silage, Kartoffeln, Zuckerrüben, Gras, Stroh, Futter, Gerste, Weizen, Raps, Mais, Hächselgut
aus Silos auf Anhänger]]>
				</description>
			</de>
			<specs>
				<fillTypes>manure silage potato sugarBeet grass straw forage barley wheat rape maize chaff</fillTypes>
			</specs>
			<functions>
				<function><![CDATA[Eigenes Ladevolumen: 1000 l/kg zum beladen von Anhängern]]></function>
			</functions>
			<rotation>0</rotation>
			<image active="store.dds" brand="brand_marhu.dds"/>
			<price>6075</price>
			<xmlFilename>TConveyor.xml</xmlFilename>
			<dailyUpkeep>10</dailyUpkeep>
			<brand>Marhu</brand>
			<category>teleLoaders</category>
		</storeItem>
    </storeItems>
</modDesc>
