<?xml version="1.0" encoding="utf-8" standalone="no" ?>
<vehicle type="Conveyor">
	<annotation>Copyright (C) Marhu, All Rights Reserved.</annotation>
    <name>
        <en>TelehandlerConveyor</en>
        <de>TeleskopladerFörderband</de>
    </name>
    <description></description>
	<typeDesc></typeDesc>
	<filename>TConveyor.i3d</filename>
	
	<size width="2" length="2" />
	<shovel tipReferenceNode="7" />
    <attacherJoint index="0" jointType="telehandler" fixedRotation="false"/>
	<attacherJoints>
        <attacherJoint index="0>12|0" jointType="frontloader" allowsLowering="false" maxRotLimit="0 0 30"/>
    </attacherJoints>
	
	<Belt index="9|0" />
	<TrichterHalter index="12" />
	<TipTrichter index="13" />
	
	<fillPlanes>
        <fillPlane type="manure">
            <node index="0>6|0">
				<key time="0"   translation="0 0 0" scale="1 .05 .05"/>
                <key time="0.5" translation="0 0 0" scale="1 .25 1"/>
				<key time="0.8" translation="0 0 0" scale="1 .5 1"/>
                <key time="1"   translation="0 0 0" scale="1 1 1"/>
            </node>
        </fillPlane>
        <fillPlane type="silage">
            <node index="0>6|3">
				<key time="0"   translation="0 0 0" scale="1 .05 .05"/>
                <key time="0.5" translation="0 0 0" scale="1 .25 1"/>
				<key time="0.8" translation="0 0 0" scale="1 .5 1"/>
                <key time="1"   translation="0 0 0" scale="1 1 1"/>
            </node>
        </fillPlane>
        <fillPlane type="potato">
            <node index="0>6|5">
				<key time="0"   translation="0 0 0" scale="1 .05 .05"/>
                <key time="0.5" translation="0 0 0" scale="1 .25 1"/>
				<key time="0.8" translation="0 0 0" scale="1 .5 1"/>
                <key time="1"   translation="0 0 0" scale="1 1 1"/>
            </node>
        </fillPlane>
        <fillPlane type="sugarBeet">
            <node index="0>6|6">
				<key time="0"   translation="0 0 0" scale="1 .05 .05"/>
                <key time="0.5" translation="0 0 0" scale="1 .25 1"/>
				<key time="0.8" translation="0 0 0" scale="1 .5 1"/>
                <key time="1"   translation="0 0 0" scale="1 1 1"/>
            </node>
        </fillPlane>
		<fillPlane type="grass_windrow">
            <node index="0>6|2">
				<key time="0"   translation="0 0 0" scale="1 .05 .05"/>
                <key time="0.5" translation="0 0 0" scale="1 .25 1"/>
				<key time="0.8" translation="0 0 0" scale="1 .5 1"/>
                <key time="1"   translation="0 0 0" scale="1 1 1"/>
            </node>
        </fillPlane>
        <fillPlane type="wheat_windrow">
            <node index="0>6|4">
				<key time="0"   translation="0 0 0" scale="1 .05 .05"/>
                <key time="0.5" translation="0 0 0" scale="1 .25 1"/>
				<key time="0.8" translation="0 0 0" scale="1 .5 1"/>
                <key time="1"   translation="0 0 0" scale="1 1 1"/>
            </node>
        </fillPlane>
        <fillPlane type="barley_windrow">
            <node index="0>6|4">
				<key time="0"   translation="0 0 0" scale="1 .05 .05"/>
                <key time="0.5" translation="0 0 0" scale="1 .25 1"/>
				<key time="0.8" translation="0 0 0" scale="1 .5 1"/>
                <key time="1"   translation="0 0 0" scale="1 1 1"/>
            </node>
        </fillPlane>
        <fillPlane type="forage">
            <node index="0>6|1">
				<key time="0"   translation="0 0 0" scale="1 .05 .05"/>
                <key time="0.5" translation="0 0 0" scale="1 .25 1"/>
				<key time="0.8" translation="0 0 0" scale="1 .5 1"/>
                <key time="1"   translation="0 0 0" scale="1 1 1"/>
            </node>
        </fillPlane>
		<fillPlane type="barley">
            <node index="0>6|7">
				<key time="0"   translation="0 0 0" scale="1 .05 .05"/>
                <key time="0.5" translation="0 0 0" scale="1 .25 1"/>
				<key time="0.8" translation="0 0 0" scale="1 .5 1"/>
                <key time="1"   translation="0 0 0" scale="1 1 1"/>
            </node>
        </fillPlane>
		<fillPlane type="wheat">
            <node index="0>6|8">
				<key time="0"   translation="0 0 0" scale="1 .05 .05"/>
                <key time="0.5" translation="0 0 0" scale="1 .25 1"/>
				<key time="0.8" translation="0 0 0" scale="1 .5 1"/>
                <key time="1"   translation="0 0 0" scale="1 1 1"/>
            </node>
        </fillPlane>
		<fillPlane type="rape">
            <node index="0>6|9">
				<key time="0"   translation="0 0 0" scale="1 .05 .05"/>
                <key time="0.5" translation="0 0 0" scale="1 .25 1"/>
				<key time="0.8" translation="0 0 0" scale="1 .5 1"/>
                <key time="1"   translation="0 0 0" scale="1 1 1"/>
            </node>
        </fillPlane>
		<fillPlane type="maize">
            <node index="0>6|10">
				<key time="0"   translation="0 0 0" scale="1 .05 .05"/>
                <key time="0.5" translation="0 0 0" scale="1 .25 1"/>
				<key time="0.8" translation="0 0 0" scale="1 .5 1"/>
                <key time="1"   translation="0 0 0" scale="1 1 1"/>
            </node>
        </fillPlane>
		<fillPlane type="chaff">
            <node index="0>6|2">
				<key time="0"   translation="0 0 0" scale="1 .05 .05"/>
                <key time="0.5" translation="0 0 0" scale="1 .25 1"/>
				<key time="0.8" translation="0 0 0" scale="1 .5 1"/>
                <key time="1"   translation="0 0 0" scale="1 1 1"/>
            </node>
        </fillPlane>
    </fillPlanes>

    <fillTypes fruitTypes="manure silage potato sugarBeet grass_windrow wheat_windrow barley_windrow forage barley wheat rape maize chaff"/>
	<emptyParticleSystems>
        <emptyParticleSystem type="manure" position="0 0 0" rotation="0 0 0" file="ParticleSystem/shovelEmptyParticleSystem.i3d" />
        <emptyParticleSystem type="silage" position="0 0 0" rotation="0 0 0" file="ParticleSystem/shovelEmptyParticleSystem.i3d" />
		<emptyParticleSystem type="potato" position="0 0 0" rotation="0 0 0" file="ParticleSystem/shovelEmptyPSPotato.i3d" />
        <emptyParticleSystem type="sugarBeet" position="0 0 0" rotation="0 0 0" file="ParticleSystem/shovelEmptyPSSugarbeet.i3d" />
		<emptyParticleSystem type="grass_windrow" position="0 0 0" rotation="0 0 0" file="ParticleSystem/shovelEmptyParticleSystem.i3d" />
        <emptyParticleSystem type="wheat_windrow" position="0 0 0" rotation="0 0 0" file="ParticleSystem/shovelEmptyParticleSystem.i3d" />
		<emptyParticleSystem type="barley_windrow" position="0 0 0" rotation="0 0 0" file="ParticleSystem/shovelEmptyParticleSystem.i3d" />
        <emptyParticleSystem type="forage" position="0 0 0" rotation="0 0 0" file="ParticleSystem/shovelEmptyParticleSystem.i3d" />
		<emptyParticleSystem type="barley" position="0 0 0" rotation="0 0 0" file="ParticleSystem/shovelEmptyParticleSystem.i3d" />
		<emptyParticleSystem type="wheat" position="0 0 0" rotation="0 0 0" file="ParticleSystem/shovelEmptyParticleSystem.i3d" />
		<emptyParticleSystem type="rape" position="0 0 0" rotation="0 0 0" file="ParticleSystem/shovelEmptyParticleSystem.i3d" />
		<emptyParticleSystem type="maize" position="0 0 0" rotation="0 0 0" file="ParticleSystem/shovelEmptyParticleSystem.i3d" />
		<emptyParticleSystem type="chaff" position="0 0 0" rotation="0 0 0" file="ParticleSystem/shovelEmptyParticleSystem.i3d" />
	</emptyParticleSystems>
	
	<chargeTypes fillNode="10"/>
	<chargeParticle index="11">
		<chargeParticle type="manure" file="ParticleSystem/rapeParticleSystemLong.i3d" />
		<chargeParticle type="silage" file="ParticleSystem/rapeParticleSystemLong.i3d" />
		<chargeParticle type="potato" file="ParticleSystem/PSpotato2.i3d" />
		<chargeParticle type="sugarBeet" file="ParticleSystem/PSsugarBeet2.i3d" />
		<chargeParticle type="grass_windrow" file="ParticleSystem/rapeParticleSystemLong.i3d" />
		<chargeParticle type="wheat_windrow" file="ParticleSystem/wheatParticleSystemLong.i3d" />
		<chargeParticle type="barley_windrow" file="ParticleSystem/wheatParticleSystemLong.i3d" />
		<chargeParticle type="forage" file="ParticleSystem/rapeParticleSystemLong.i3d" />
		<chargeParticle type="barley" file="ParticleSystem/wheatParticleSystemLong.i3d" />
		<chargeParticle type="wheat" file="ParticleSystem/wheatParticleSystemLong.i3d" />
		<chargeParticle type="rape" file="ParticleSystem/rapeParticleSystemLong.i3d" />
		<chargeParticle type="maize" file="ParticleSystem/wheatParticleSystemLong.i3d" />
		<chargeParticle type="chaff" file="ParticleSystem/rapeParticleSystemLong.i3d" />
	</chargeParticle>
	
	<workSound file="Work.wav" node="2"/>  
	<massScale value="0.001" />
	<capacity>1000</capacity>
	<shovelTipTrigger index="0>8" />
	 
    <components count="1">
        <component1 centerOfMass="0 0 -2" solverIterationCount="4" />
    </components>	
	
	<schemaOverlay file="$dataS2/menu/schemas/implementSchema.png" fileSelected="$dataS2/menu/schemas/implementSchemaSelected.png" width="0.5" height="0.5" attacherJointPosition="0 0"/>

</vehicle>
