﻿<?xml version="1.0" encoding="utf-8" standalone="no" ?>
<vehicle type="kroneBigL500">
	<annotation>Copyright (C) GIANTS Software GmbH, All Rights Reserved. LS13:edited by usxi7sd, LS15:Jaison</annotation>
    <name>
		<en>Krone BiG L 500</en>
		<de>Krone BiG L 500</de>
	</name>
	
	<typeDesc>$l10n_TypeDesc_Mower</typeDesc>
	
    <filename>kroneBigL500payable.i3d</filename>
    <size width="5.0" length="14" />
	
	<wheels autoRotateBackSpeed="1.8"><!-- rotMax="30" rotMin="-30" -->
        <wheel rotSpeed="35" rotMax="30" rotMin="-30" driveMode="1" restLoad="1.4" repr="0|0" forcePointRatio="0.2" driveNode="0|0" radius="0.91" width="0.42" initialCompression="50" suspTravel="0.2" spring="22" damper="50" mass="0.9" hasTyreTracks="true" />
        <wheel rotSpeed="35" rotMax="30" rotMin="-30" driveMode="1" restLoad="1.4" repr="1|0" forcePointRatio="0.2" driveNode="1|0" radius="0.91" width="0.42" initialCompression="50" suspTravel="0.2" spring="22" damper="50" mass="0.9" hasTyreTracks="true" />
        <wheel rotSpeed="-35" rotMax="30" rotMin="-30" driveMode="1" restLoad="1.8" repr="2" forcePointRatio="0.3" driveNode="2" radius="0.785"  width="0.42" initialCompression="50" suspTravel="0.2" spring="25" damper="50" mass="0.45" hasTyreTracks="true"  />
        <wheel rotSpeed="-35" rotMax="30" rotMin="-30" driveMode="1" restLoad="1.8" repr="3" forcePointRatio="0.3" driveNode="3" radius="0.785"  width="0.42" initialCompression="50" suspTravel="0.2" spring="25" damper="50" mass="0.45"  hasTyreTracks="true" />
        <wheel rotSpeed="-35" rotMax="30" rotMin="-30"  driveMode="1" restLoad="1.8" repr="27" forcePointRatio="0.3" driveNode="27" radius="0.785"  width="0.42" initialCompression="50" suspTravel="0.2" spring="25" damper="50" mass="0.45" hasTyreTracks="true"  />
        <wheel rotSpeed="-35" rotMax="30" rotMin="-30" driveMode="1" restLoad="1.8" repr="28" forcePointRatio="0.3" driveNode="28" radius="0.785"  width="0.42" initialCompression="50" suspTravel="0.2" spring="25" damper="50" mass="0.45" hasTyreTracks="true"  />
    </wheels>
	
	<motor torqueScale="2.455" minRpm="1000" maxRpm="2200" maxBackwardSpeed="15" brakeForce="40" lowBrakeForceScale="0.9" lowBrakeForceSpeedLimit="0.8" minForwardGearRatio="19.5" maxForwardGearRatio="130" minBackwardGearRatio="50" maxBackwardGearRatio="130">
        <torque normRpm="0.45" torque="0.9"/>
        <torque normRpm="0.5" torque="0.97"/>
        <torque normRpm="0.59" torque="1"/>
        <torque normRpm="0.72" torque="1"/>
        <torque normRpm="0.86" torque="0.88"/>
        <torque normRpm="1" torque="0.72"/>
    </motor>
	
	<speedLimit value="10" />
	
	<dynamicallyLoadedParts>
        <dynamicallyLoadedPart node="3|1" linkNode="0>0|0"   filename="$data/vehicles/wheels/trelleborg/trelleborgTM2000_800_65R32.i3d" />
        <dynamicallyLoadedPart node="3|0" linkNode="0>1|0"   filename="$data/vehicles/wheels/trelleborg/trelleborgTM2000_800_65R32.i3d" />
        <dynamicallyLoadedPart node="0|0" linkNode="0>2" filename="$data/vehicles/wheels/trelleborg/trelleborgTM900_710_60R30.i3d" />
        <dynamicallyLoadedPart node="0|1" linkNode="0>3" filename="$data/vehicles/wheels/trelleborg/trelleborgTM900_710_60R30.i3d" />
	<dynamicallyLoadedPart node="0|0" linkNode="0>27" filename="$data/vehicles/wheels/trelleborg/trelleborgTM900_710_60R30.i3d" />
        <dynamicallyLoadedPart node="0|1" linkNode="0>28" filename="$data/vehicles/wheels/trelleborg/trelleborgTM900_710_60R30.i3d" />
    </dynamicallyLoadedParts>
	
	<differentials>
        <differential torqueRatio="0.5" maxSpeedRatio="1.4" wheelIndex1="0" wheelIndex2="1" /> <!-- front left-right -->
        <differential torqueRatio="0.5" maxSpeedRatio="1.4" wheelIndex1="2" wheelIndex2="3" /> <!-- back left-right -->
       <differential torqueRatio="0.5" maxSpeedRatio="1.4" wheelIndex1="4" wheelIndex2="5" /> <!-- back left-right -->

        <differential torqueRatio="0.5" maxSpeedRatio="1.1" differentialIndex1="0" differentialIndex2="1" /><!-- front-back -->
       <differential torqueRatio="0.5" maxSpeedRatio="1.1" differentialIndex1="2" differentialIndex2="3" /><!-- front-back -->
    </differentials>
	
	<fuelCapacity>1390</fuelCapacity>
    <fuelUsage>22</fuelUsage>
    
	<steering index="7|0"  indoorRotation="540" outdoorRotation="40"/>
    <enterReferenceNode index="0>" />
    <exitPoint index="6" />	
	
    <!--Player-->
	<characterNode index="0>8|0" cameraMinDistance="1.5" filename="$dataS2/character/player/player.i3d" characterMesh="1" characterGloves="2" characterSkin="0" spineNode="0|0" leftArmIKChainId="leftArm" rightArmIKChainId="rightArm" spineRotation="180 0 100" >
        <ikChains>
            <ikChain id="rightFoot" target="0>8|1" targetOffset="0 0.1 0" alignToTarget="true" isDirtyOnLoad="true" >
                <node index="0|1" />
                <node index="0|1|0"     minRx="0" maxRx="0" minRy="-30" maxRy="30" minRz="0"   maxRz="90" />
                <node index="0|1|0|0"   minRx="0" maxRx="0" minRy="0"   maxRy="0"  minRz="-100" maxRz="-7" />
                <node index="0|1|0|0|0" />
            </ikChain>
            <ikChain id="leftFoot" target="0>8|2" targetOffset="0 0.1 0" alignToTarget="true" isDirtyOnLoad="true">
                <node index="0|2"     />
                <node index="0|2|0"     minRx="0" maxRx="0" minRy="-30" maxRy="30" minRz="0"   maxRz="90" />
                <node index="0|2|0|0"   minRx="0" maxRx="0" minRy="0"   maxRy="0"  minRz="-100" maxRz="-7" />
                <node index="0|2|0|0|0" />
            </ikChain>
            <ikChain id="rightArm" target="0>7|1" targetOffset="0.025 0.066 0" alignToTarget="true" isDirtyOnLoad="true">
                <node index="0|0|0|1" />
                <node index="0|0|0|1|0" minRx="-20" maxRx="20" minRy="-20" maxRy="20" minRz="-80" maxRz="80" />
                <node index="0|0|0|1|0|0" minRx="-10" maxRx="10" minRy="0" maxRy="0" minRz="7"   maxRz="130" />
                <node index="0|0|0|1|0|0|0" />
                <rotationNode index="0|0|0|1|0|0|0|0" rotation="0 0 -60" />
                <rotationNode index="0|0|0|1|0|0|0|0|0" rotation="0 0 -60" />
                <rotationNode index="0|0|0|1|0|0|0|1" rotation="-90 20 -40" />
                <rotationNode index="0|0|0|1|0|0|0|1|0" rotation="0 0 -40" />
            </ikChain>
            <ikChain id="leftArm" target="0>7|0|0" targetOffset="-0.025 0.066 0" alignToTarget="true" isDirtyOnLoad="true">
                <node index="0|0|0|2" />
                <node index="0|0|0|2|0" minRx="-20" maxRx="20" minRy="-20" maxRy="20" minRz="-80" maxRz="80" />
                <node index="0|0|0|2|0|0" minRx="-10" maxRx="10" minRy="0" maxRy="0" minRz="7"   maxRz="130" />
                <node index="0|0|0|2|0|0|0" />
                <rotationNode index="0|0|0|2|0|0|0|0" rotation="0 0 -60" />
                <rotationNode index="0|0|0|2|0|0|0|0|0" rotation="0 0 -60" />
                <rotationNode index="0|0|0|2|0|0|0|1" rotation="-90 20 -40" />
                <rotationNode index="0|0|0|2|0|0|0|1|0" rotation="0 0 -40" />
            </ikChain>
        </ikChains>
    </characterNode>
	
    <cameras count="2">
        <camera1 index="4|1|0" rotatable="true" rotateNode="4|1" limit="true" useWorldXZRotation="true" rotMinX="-1.4" rotMaxX="1" transMin="7" transMax="35" >
			<raycastNode index="0>13"/>
			<raycastNode index="0>14"/>
		</camera1>
        <camera2 index="4|2" rotatable="true" limit="true" rotMinX="-1.1" rotMaxX="0.4" transMin="0" transMax="0" useMirror="true" isInside="true" />
    </cameras>
	
	<interactiveCamera node="4|2" seat="0>8" wheel1="2" wheel2="3" moveSpeed="8" camIndex="2" damper="0.4" />
	<backupCamPanel highlight="0>9|5|7" xPos="0.728" yPos="0.575" size="0.15" />

	<backupCams>
		<cam index="9|5|8" rotatable="false" limit="false" rotMinX="0" rotMaxX="0" transMin="0" transMax="0" />
		<cam index="9|5|8" rotatable="false" limit="false" rotMinX="0" rotMaxX="0" transMin="0" transMax="0" />
		<cam index="2>5|7" rotatable="false" limit="false" rotMinX="0" rotMaxX="0" transMin="0" transMax="0" />
	</backupCams>
	
	<specialJoint index="2" node="9|5|0" rotationNode="9|5|0|0" maxRotLimit="6 0 20" />
	
	<interactiveComponents>
		<buttons>
			<!-- <button name="pipe" mark="0>9|10" size="0.15" event="togglePipe" onMessage="foldPipe" offMessage="unfoldPipe" />
			<button name="pipe" mark="0>9|11" size="0.15" event="togglePipe" onMessage="foldPipe" offMessage="unfoldPipe" />
			<button name="pipe" mark="0>9|12" size="0.15" event="togglePipe" onMessage="foldPipe" offMessage="unfoldPipe" />
			<button name="pipe" mark="0>9|13" size="0.15" event="togglePipe" onMessage="foldPipe" offMessage="unfoldPipe" />
			<button name="pipe" mark="0>9|14" size="0.15" event="togglePipe" onMessage="foldPipe" offMessage="unfoldPipe" />
			<button name="pipe" mark="0>9|15" size="0.15" event="togglePipe" onMessage="foldPipe" offMessage="unfoldPipe" /> -->
		</buttons>
	</interactiveComponents>
	
	<rueckfahrcamera IndoorCameraIndex = "2"> 
		<camera index="2>5|7"/>
	</rueckfahrcamera> 
	
	<lights>
        <light realLight="0>5" 		fakeLight="0>10" decoration="0>11" 		lightType="0"/>
		<light 										 decoration="2>5|1"     lightType="0"/>
		<light 										 decoration="2>5|2"     lightType="0"/>
		<light 										 decoration="0>21|0|5"     lightType="0"/>
        <light realLight="0>24" 					 decoration="0>25" 		lightType="1"/>
		<light 	 					 				 decoration="2>8|0" 	lightType="1"/>
    </lights>
	
    <brakeLights>
		<brakeLight index="2>5|3" />
	</brakeLights>
	
	<beaconLights>
        <beaconLight index="0>12|0" speed="0.015" filename="$data/vehicles/shared/beaconLight02.i3d"/>
        <beaconLight index="0>12|1" speed="0.015" filename="$data/vehicles/shared/beaconLight02.i3d"/>
    </beaconLights>
	
	<turnSignals>
        <turnSignalLeft index="2>5|5" />
		<turnSignalLeft index="0>9|3" />
		<turnSignalLeft index="0>21|0|7" />
		
        <turnSignalRight index="2>5|6" />
		<turnSignalRight index="0>9|4" />
		<turnSignalRight index="0>21|0|8" />
    </turnSignals>
	
	<mirrors>
		<mirror index="0>32"/>
    </mirrors>
	
	<indoorHud>
        <speed numbers="0>33" precision="1" />
		<rpm   numbers="0>34" precision="0" />
    </indoorHud>
	
	<motorStartDuration>2500</motorStartDuration>
	<mowerStartSound file="sounds/bigM_mowerstart.wav" pitchOffset="1" volume="1"/>
    <mowerSound file="sounds/bigM_mowerwork.wav" pitchOffset="1" pitchScale="0.001" pitchMax="1.2" radius="50" innerRadius="25" volume="1"/>
    <mowerStopSound file="sounds/bigM_mowerstop.wav" pitchOffset="1" />
	<motorSoundRun file="$data/vehicles/steerable/krone/kroneBigX1100_run.wav" pitchOffset="0.55" pitchScale="0.0195" pitchMax="1.15" volume="0.845" />
	<motorSoundRun2 file="$data/vehicles/shared/transmissionScorpion.wav" pitchOffset="1" volume="0.4" pitchMax="1.35" volumeMax="0.4"/>
    <motorStartSound file="$data/vehicles/steerable/krone/kroneBigX1100_start.wav" pitchOffset="0.9" volume="1.75"  />
    <motorSound file="$data/vehicles/steerable/krone/kroneBigX1100_idle.wav" pitchOffset="0.9" pitchScale="0.01625" pitchMax="1.5" volume="1.75"  radius="50" innerRadius="25" />
    <motorStopSound file="$data/vehicles/steerable/krone/kroneBigX1100_stop.wav" pitchOffset="0.94" volume="1.75" />
    <reverseDriveSound file="$data/vehicles/shared/reverseDrivingBeep.wav" volume="0.35" />
    <compressedAirSound file="$data/vehicles/shared/compressedAir.wav" pitchOffset="1" volume="1.0"/>
    <compressionSound file="$data/vehicles/shared/brakeOld.wav" pitchOffset="1" volume="1.5"/>
    <honkSound file="$data/vehicles/shared/hornBig.wav" volume="1" radius="70" innerRadius="10" />
	<cylinderedHydraulicSound file="$data/vehicles/shared/hydraulicUp.wav" pitchOffset="0.8" volume="0.4" />
    <fillSound file="$data/maps/sounds/siloFillSound.wav" pitchOffset="1.0" volume="1.5" />
	
    <driveGroundParticleSystems>
        <driveGroundParticleSystem file="$data/vehicles/particleAnimations/shared/drivingParticleSystem.i3d" wheel="1" />
        <driveGroundParticleSystem file="$data/vehicles/particleAnimations/shared/drivingParticleSystem.i3d" wheel="2" />
        <driveGroundParticleSystem file="$data/vehicles/particleAnimations/shared/drivingParticleSystem.i3d" wheel="3" />
        <driveGroundParticleSystem file="$data/vehicles/particleAnimations/shared/drivingParticleSystem.i3d" wheel="4" />
    </driveGroundParticleSystems>
	
	<exhaustEffects>
        <exhaustEffect index="0>15" filename="$data/vehicles/particleAnimations/shared/exhaust.i3d" minRpmColor="0.9 0.9 0.9 0.05" maxRpmColor="0.9 0.9 0.9 0.2" minRpmScale="0.05" maxRpmScale="0.4" forwardXRotations="0 0 0" forwardZRotations="200 0 -80" steerXRotations="-50 0 -50" steerZRotations="-250 0 200" />
    </exhaustEffects>
	
	<workAreas pickupFillScale="0.3">
        <workArea startIndex="0>21|0|1|0" widthIndex="0>21|0|1|1" heightIndex="0>21|0|1|2" dropWindrow="false" />
    </workAreas>
	
	<groundReferenceNodes>
        <groundReferenceNode index="0>21|0|0|10" threshold="0.35" />
    </groundReferenceNodes>
	
	<mowerToggleWindrowDrop enableText="disable_grass_pickup" disableText="enable_grass_pickup" startEnabled="false" animationName="enableOpenMovers" animationEnableSpeed="0.5" animationDisableSpeed="-0.5" />
    
	<turnedOnRotationNodes>
        <turnedOnRotationNode index="0>21|0|0|4|0"  type="cutter" rotSpeed="-600" rotAxis="0 0 1" turnOnFadeTime="1" turnOffFadeTime="1" />
        <turnedOnRotationNode index="0>21|0|1|4|0" type="cutter" rotSpeed="-600" rotAxis="0 0 1" turnOnFadeTime="1" turnOffFadeTime="1" />
    </turnedOnRotationNodes>
        
	<washable dirtDuration="60" washDuration="1" workMultiplier="20" />
	
	<massPerFillLevel value="0.00007" />
    <capacity>80000</capacity>		
	<fillRootNode index="0>" />
    <exactFillRootNode index="2>3" />
    <fillAutoAimTargetNode index="2>4" />
    <fillMassNode index="0>" />
	
	<tipReferencePoints>
        <tipReferencePoint index="2>1" width="4" />
    </tipReferencePoints>
	
	<dischargeParticleSystems>
        <dischargeParticleSystem type="grass_windrow"  node="2>7" rotation="0 0 0" file="$data/vehicles/particleSystems/trailerDPSBigGrass.i3d" />
    </dischargeParticleSystems>
	
    <tipAnimations>
        <tipAnimation speedScale="1" animationName="tipAnimationBack" dischargeStartTime="1.0" dischargeEndTime="25" >
            <dischargeParticleSystems>
                <dischargeParticleSystem type="grass_windrow"  node="2>7" psRootNode="0|6" position="0 0 0" rotation="0 0 0" file="$data/vehicles/particleAnimations/shared/unloadingBackParticles.i3d" />
            </dischargeParticleSystems>
            <fillVolumeDischargeInfo index="0>23" width="1.4" length="1.0" alsoUseLoadInfoForDischarge="true" loadInfoFillFactor="0.98" loadInfoSizeScale="3 4" />
            <fillVolumeHeight index="1"/>
        </tipAnimation>
    </tipAnimations>
	
	<tipRotationNodes>
        <tipRotationNode index="2>6|0" rotSpeed="880"  type="trailer" rotAxis="1" turnOnFadeTime="1" turnOffFadeTime="1"/>
        <tipRotationNode index="2>6|1" rotSpeed="-880" type="trailer" rotAxis="1" turnOnFadeTime="1" turnOffFadeTime="1"/>
        <tipRotationNode index="2>6|2" rotSpeed="880"  type="trailer" rotAxis="1" turnOnFadeTime="1" turnOffFadeTime="1"/>
    </tipRotationNodes>
	
    <fillTypes fillTypes="grass_windrow"/>
	
	<fillVolumes>
        <fillVolume index="2>2|0" scrollSpeedDischarge="0 0 0.4" scrollSpeedLoad="0 0 0.1" />
    </fillVolumes>

    <fillVolumeHeights>
        <fillVolumeHeight fillVolumeId="1">
            <refNode index="2>15|0" />
            <refNode index="2>15|1" />
            <node index="2>7" baseScale="1.8 0.1 1" transAxis="0 0 0" scaleAxis="0 1 0"/>
        </fillVolumeHeight>
    </fillVolumeHeights>

    <fillVolumeLoadInfo index="2>14" width="1.4" length="1.0" />
	
	<foldingParts foldMiddleAnimTime="0.15" startMoveDirection="1">
        <foldingPart componentJointIndex="0" anchorActor="0" animationName="leftArm" speedScale="0.95" />
        <foldingPart animationName="rightArm" speedScale="0.95" />
    </foldingParts>

    <movingTools>
		<movingTool index="0>29"   componentJointIndex="0" anchorActor="0"/>
		<movingTool index="0>29|0" componentJointIndex="0" anchorActor="0"/>
		<movingTool index="0>29">  
            <dependentPart index="0>22" />
        </movingTool>
    </movingTools>

    <movingParts>
		<movingPart index="0>21" referencePoint="1>0" referenceFrame="1>" isActiveDirty="true" useLocalOffset="true" limitedAxis="1">
			<dependentPart index="0>21|0" />
        </movingPart>
		<movingPart index="0>21|0" referenceFrame="1>" >
			<dependentPart index="0>23" />
			<dependentPart index="0>18" />
			<dependentPart index="0>19" />
			<dependentPart index="0>20" />
        </movingPart>
		<movingPart index="0>22" referencePoint="0>21|1" referenceFrame="0" invertZ="false"> 
            <translatingPart index="0>22|0" />			
        </movingPart>		
        <movingPart index="0>23" referencePoint="0>21|0|3" referenceFrame="0>23">
            <translatingPart index="0>23|0" />
        </movingPart>
		<movingPart index="0>18" referencePoint="0>21|0|6" referenceFrame="0>"/>
		<movingPart index="0>19" referencePoint="0>21|0|0|9" referenceFrame="0>21|0|0" scaleZ="true"/>
		<movingPart index="0>20" referencePoint="0>21|0|1|9" referenceFrame="0>21|0|1" scaleZ="true"/>
    </movingParts>	

    <animations>
		<animation name="leftArm">
			<part node="0>21|0|0" startTime="3" duration="5" startRot="0 0 0" endRot="0 0 60" />
        </animation>
		<animation name="rightArm">
			<part node="0>29" startTime="0" duration="1.5" startRot="0 0 0" endRot="0.27 0 0" />
			<part startTime="0" endTime="1.5" componentJointIndex="0" endRotLimit="0 0 0" endTransLimit="0 0 0" />
			<part node="0>21|0|1" startTime="3" duration="5" startRot="0 0 0" endRot="0 0 -60" />
			<part node="0>29" startTime="2" duration="5" startRot="-5 0 0" endRot="-7 0 0" />
        </animation>
		<animation name="enableOpenMovers">
            <part node="0>21|0|0|3" startTime="0" duration="0.8" startRot="0 0 0" endRot="25 0 0" />
            <part node="0>21|0|1|3" startTime="0" duration="0.8" startRot="0 0 0" endRot="25 0 0" />
			<part node="0>21|2" startTime="0" duration="0.8" startScale="1 1 1" endScale="1 1 0.9" />
        </animation>
		 <!-- backtipping -->
        <animation name="tipAnimationBack">
            <part node="2>5" startTime="0" endTime="4" startRot="0 0 0" endRot="75 0 0" />
        </animation>
    </animations>
	
	<components count="3">
        <component1 centerOfMass="0 0 0" solverIterationCount="10" />
        <component2 centerOfMass="0 0 0" solverIterationCount="10" />
        <component3 centerOfMass="0 0 0" solverIterationCount="10" />
		<joint component1="0" component2="1" index="0>29|0" rotLimit="15 0 0" transLimit="0 0.7 0" />  
		<joint component1="0" component2="2" index="0>0"    rotLimit="0 0 0" transLimit="0 0 0" />    
    </components>

	<schemaOverlay file="$dataS2/menu/schemas/vehicleSchema.png" fileSelected="$dataS2/menu/schemas/vehicleSchemaSelected.png" width="0.5" height="0.5" attacherJointPosition="0.5 0">
        <attacherJoint position="1 0" rotation="0" invertX="false" />
        <attacherJoint position="0 0" rotation="0" invertX="true" />
        <attacherJoint position="1 0" rotation="0" invertX="false" />
        <attacherJoint position="1 0" rotation="0" invertX="false" />
        <attacherJoint position="0 0" rotation="0" invertX="true" />
    </schemaOverlay>
	
</vehicle>