﻿<?xml version="1.0" encoding="utf-8" standalone="no" ?>
<modDesc descVersion="20">
    <author>GIANTS Software GmbH, LS13: edited by usxi7sd, LS15: Jaison</author>
    <version>1.8</version>
    <title>        
		<en>KRONE BIG-L500 Pro</en>      
		<de>KRONE BIG-L500 Pro</de>   
	</title>
	
    <description>
        <en>
			mover for grass, prototype payable workwith: 
			6 meters, loading volume: 80000 liters, 
			four-wheel drive, all-wheel steering, bunkerSiloCompacter, worklight back, top speed without charge: 60 km/h, not possible helper
		</en>
        <de>
		Mäher für Gras, Prototype Kaufversion
		Arbeitsbreite: 6 Meter, Ladevolumen: 80000 Liter, 
		Allradantrieb, Allradlenkung, BunkerSiloCompacter, Arbeitslicht hinten, Höchstgeschwindigkeit ohne Ladung: 60 km/h,kein Helferbetrieb!
		</de>
	</description>
	
	<l10n>
		<!-- <text name="shopItemBrand_krone">
            <en>KRONE BIG-L500 Pro</en>
            <de>KRONE BIG-L500 Pro</de>
        </text>
		
		<text name="INTERACTIVE_CONTROL_SWITCH">
			<en>Switch IC State</en>
			<de>IC an/abschalten</de>
		</text>
		<text name="InteractiveControl_Off">
			<en>Disable IC</en>
			<de>IC ausschalten</de>
		</text>
		<text name="InteractiveControl_On">
			<en>Enable IC</en>
			<de>IC anschalten</de>
		</text>
		<text name="ic_component_close">
			<en>Left Mouse Button: close %s</en>
			<de>Linke Maustaste: %s schließen</de>	
		</text>
		<text name="ic_component_open">
			<en>Left Mouse Button: open %s</en>
			<de>Linke Maustaste: %s öffnen</de>	
		</text>
		<text name="ic_button_on">
			<en>Left Mouse Button: activate %s</en>
			<de>Linke Maustaste: %s anschalten</de>	
		</text>
		<text name="ic_button_off">
			<en>Left Mouse Button: deactivate %s</en>
			<de>Linke Maustaste: %s ausschalten</de>	
		</text>
		<text name="CANNOT_ENABLE_CAMS">
			<en>Cannot enable cams!</en>
			<de>Kameras können nicht angeschaltet werden!</de>
		</text>	
		<text name="BackupUpCam">
			<en>Additional cams</en>
			<de>Zusatz-Kameras</de>	
		</text>	
		<text name="ic_component_nocam">
			<en>No cam available</en>
			<de>Keine Kamera angeschlossen</de>	
		</text>
		
		
		<text name="backcam">
			<de>Rückfahrcamera aktiviert.</de>
			<en>Backcamera aktivate.</en>
		</text>
		
		<text name="rueckfahrcamera">
			<de>Rückfahrcamera aktivieren</de>
			<en>Backcamera aktivate</en>
		</text>

		<text name="rueckfahrcamera_Back">
			<de>Rückfahrcamera deaktivieren</de>
			<en>Backcamera deaktivate</en>
		</text> -->
    </l10n>
	
	<iconFilename>store_kroneBigL500.dds</iconFilename>
    <multiplayer supported="true"/>
	
	<extraSourceFiles>
        <sourceFile filename="Scripte/ProjectFix.lua" />
	</extraSourceFiles>
	
	<specializations>
		<!--<specialization name="specialJoint" className="specialJoint" filename="Scripte/specialJoint.lua" />-->
		<!-- <specialization name="interactiveControl" className="InteractiveControl" filename="Scripte/InteractiveControl.lua" />
		<specialization name="interactiveButtons" className="InteractiveButtons" filename="Scripte/InteractiveButtons.lua" />
	    <specialization name="interactiveBackupCam" className="InteractiveBackupCam" filename="Scripte/InteractiveBackupCam.lua" /> -->
		<!-- <specialization name="additionalBackupCam" className="AdditionalBackupCam" filename="AdditionalBackupCam.lua" /> -->
		<!-- <specialization name="rueckfahrcamera" className="rueckfahrcamera" filename="Scripte/rueckfahrcamera.lua" /> -->
	</specializations>
	
	<vehicleTypes>
		<type name="kroneBigL500" className="Vehicle" filename="$dataS/scripts/vehicles/Vehicle.lua">
			<specialization name="workArea" />
			<specialization name="motorized" />
			<specialization name="steerable" />
			<specialization name="drivable" />
			<specialization name="turnOnVehicle" />
			<specialization name="mower" />
			<specialization name="powerConsumer" />
			<specialization name="animatedVehicle" />
			<specialization name="cylindered" />
			<specialization name="foldable" />
			<specialization name="honk" />
			<specialization name="fillable" />
			<specialization name="trailer" />
			<specialization name="cover" />
			<specialization name="washable" />
			<specialization name="mountable" />
			<specialization name="indoorHud" />
			<specialization name="bunkerSiloCompacter" />
			<!-- <specialization name="interactiveControl" />
			<specialization name="interactiveButtons" />
			<specialization name="interactiveBackupCam" /> -->
			<!--<specialization name="specialJoint" /> 
			 <specialization name="additionalBackupCam" /> -->
			 <!-- <specialization name="rueckfahrcamera" /> -->
		</type>
	</vehicleTypes>
	<storeItems>
        <storeItem>
			<name>KRONE BIG-L500 Pro</name>
			<rotation>0</rotation>
            <image active="store_kroneBigL500.dds" brand="$data/vehicles/store/brand_krone.dds"/>
            <price>158500</price>
            <xmlFilename>kroneBigL500payable.xml</xmlFilename>
            <dailyUpkeep>276</dailyUpkeep>
			<category>mowers</category>
			<title>$l10n_category_mowers</title>
			
			<functions>
				<function>$l10n_TypeDesc_Mower</function>
			</functions>
			
			<specs>
                <workingWidth>5.0</workingWidth>
                <capacity unit="$l10n_unit_liter">80000</capacity>
                <fillTypes>grass_windrow</fillTypes>
            </specs>
			<power>145</power> 
			<brand>$l10n_shopItemBrand_krone</brand>
			
        </storeItem>
    </storeItems> 
	
	<inputBindings>
		<!-- <input name="INTERACTIVE_CONTROL_SWITCH" category="VEHICLE" key1="KEY_space" key2="" button="" device="0" mouse="" />
		<input name="rueckfahrcamera"  category="VEHICLE" key1="KEY_KP_8"    key2="" button="" device="0" mouse="" /> -->
	</inputBindings>
	
</modDesc>