<?xml version="1.0" encoding="utf-8" standalone="no" ?>
<modDesc descVersion="20">
    
	<author>BTS Butters Tuning Schmiede</author>
    
	<version>3.2</version>	
	
	<title>
       <en>CASE_Trailer_Attacher</en>
       <de>CASE_Trailer_Attacher</de>
    </title>
	<description>
        <en>Attatcher for Magnum</en>
        <de>Kupplung für Magnum</de>
    </description>
    
	<iconFilename>Tex/store_CASE_Trailer_Attacher.dds</iconFilename>
	<multiplayer supported="true"/>
    
	<specializations>
	</specializations>
    
	<vehicleTypes>
        <type name="CASE_Trailer_Attacher" className="Vehicle" filename="$dataS/scripts/vehicles/Vehicle.lua">
			<specialization name="attachable"            />
			<specialization name="cylindered"            />
		    <specialization name="animatedVehicle"       />
        </type>
    </vehicleTypes>
	
	<storeItems>
        <storeItem>
            <name>
                <de>Kupplung für Magnum</de>
                <en>Attatcher for Magnum</en>
            </name>
            <rotation>0</rotation>
            <image active="Tex/store_CASE_Trailer_Attacher.dds" brand="$data/vehicles/store/brand_caseIH.png"/>
            <price>3</price>
            <dailyUpkeep>10</dailyUpkeep>
            <xmlFilename>spez/CASE_Trailer_Attacher.xml</xmlFilename>
            <brand>Case IH</brand>
            <category>misc</category>
            <specs>
                <workingWidth>1</workingWidth>
                <neededPower>3</neededPower>
            </specs>
			<functions>
                <function>$l10n_function_weight</function>
            </functions>
        </storeItem>
    </storeItems>
</modDesc>
